{
    "train_loss": [
        2.054950141906738,
        1.9115680607882413,
        1.7640038273551248,
        1.647351202097806,
        1.5630651322278108,
        1.4889085661281238,
        1.4329260457645763,
        1.3627734791148793,
        1.3291305151852695,
        1.271184708855369,
        1.222102696245367,
        1.1736222462220625,
        1.1175818941809914,
        1.0882248661734841,
        1.063903080333363,
        1.0486387447877363,
        1.004182423244823,
        1.0078733054074374,
        0.9721418207341974,
        0.954698634147644,
        0.9541709520600059,
        0.9178416989066384,
        0.9363517609509555,
        0.9181537303057584,
        0.90589430548928,
        0.8848816470666365,
        0.8896545778621326,
        0.8729629148136485,
        0.8706795107234608,
        0.8539425687356429,
        0.8529384006153453,
        0.8518127376383001,
        0.8420040867545387,
        0.8240805279124866,
        0.7997863000089472,
        0.7986158262599599,
        0.805176043510437,
        0.7944779374382712,
        0.7812958218834617,
        0.787462731924924,
        0.7752950885079124,
        0.7666321624409068,
        0.7767269665544684,
        0.7558160164139488,
        0.7620536500757391,
        0.7779753240672025,
        0.7547093889930031,
        0.7521013227376071,
        0.74388704625043,
        0.7446912505409934,
        0.7404823509129611,
        0.7451369762420654,
        0.7373487104069103
    ],
    "train_acc": [
        0.16363636363636364,
        0.32045454545454544,
        0.42727272727272725,
        0.5068181818181818,
        0.5613636363636364,
        0.5931818181818181,
        0.5977272727272728,
        0.6204545454545455,
        0.6568181818181819,
        0.6727272727272727,
        0.6954545454545454,
        0.7090909090909091,
        0.7340909090909091,
        0.75,
        0.7613636363636364,
        0.7545454545454545,
        0.7727272727272727,
        0.7909090909090909,
        0.8045454545454546,
        0.8227272727272728,
        0.8068181818181818,
        0.825,
        0.8113636363636364,
        0.8227272727272728,
        0.8318181818181818,
        0.8295454545454546,
        0.8454545454545455,
        0.8386363636363636,
        0.8454545454545455,
        0.8318181818181818,
        0.8590909090909091,
        0.8545454545454545,
        0.8568181818181818,
        0.8704545454545455,
        0.8636363636363636,
        0.8590909090909091,
        0.875,
        0.8931818181818182,
        0.8863636363636364,
        0.8704545454545455,
        0.8909090909090909,
        0.9045454545454545,
        0.8795454545454545,
        0.8931818181818182,
        0.8977272727272727,
        0.8863636363636364,
        0.9,
        0.9090909090909091,
        0.9090909090909091,
        0.9,
        0.925,
        0.9068181818181819,
        0.9113636363636364
    ],
    "val_loss": [
        1.8687793259979577,
        1.7226480655772711,
        1.596482208980027,
        1.4854386198905207,
        1.3902398206854378,
        1.3220010739500805,
        1.2668582739368561,
        1.221091680629279,
        1.1916899501636464,
        1.1628899035915252,
        1.1360338554587415,
        1.1262545072904198,
        1.1133111856317008,
        1.1138169073289441,
        1.1025587422873384,
        1.099005240266041,
        1.101368046575977,
        1.0980438647731658,
        1.100963092619373,
        1.0854195753733318,
        1.0777465399875437,
        1.0896357925989295,
        1.0709760342874834,
        1.0764208224511915,
        1.0683165365649807,
        1.0654681536459154,
        1.07174390105791,
        1.079307779189079,
        1.0804826213467507,
        1.0736142896836804,
        1.0695868333180745,
        1.0573214100253197,
        1.071465064120549,
        1.0825377779622232,
        1.0715045352135935,
        1.0634498814100861,
        1.0710254112879436,
        1.0518627525657736,
        1.0607741340514152,
        1.0635810949469124,
        1.057517550324881,
        1.0603978172425301,
        1.0582526332588607,
        1.053405765564211,
        1.0500881043813561,
        1.0551186607730003,
        1.0616381027365243,
        1.0606793562571208,
        1.0620831763872536,
        1.0594995944730696,
        1.0585863577422274,
        1.0568277143662976,
        1.054685991297486
    ],
    "val_acc": [
        0.3978494623655914,
        0.46236559139784944,
        0.6236559139784946,
        0.6344086021505376,
        0.6666666666666666,
        0.6774193548387096,
        0.6666666666666666,
        0.7096774193548387,
        0.7096774193548387,
        0.6989247311827957,
        0.6666666666666666,
        0.6989247311827957,
        0.6774193548387096,
        0.6774193548387096,
        0.6774193548387096,
        0.6881720430107527,
        0.6881720430107527,
        0.6774193548387096,
        0.7096774193548387,
        0.6881720430107527,
        0.7204301075268817,
        0.6881720430107527,
        0.7096774193548387,
        0.7096774193548387,
        0.7096774193548387,
        0.7096774193548387,
        0.7096774193548387,
        0.7096774193548387,
        0.6989247311827957,
        0.7096774193548387,
        0.7204301075268817,
        0.7311827956989247,
        0.6881720430107527,
        0.6989247311827957,
        0.6989247311827957,
        0.7096774193548387,
        0.6989247311827957,
        0.7204301075268817,
        0.6989247311827957,
        0.7096774193548387,
        0.7204301075268817,
        0.7096774193548387,
        0.7096774193548387,
        0.7311827956989247,
        0.7419354838709677,
        0.7311827956989247,
        0.7096774193548387,
        0.7096774193548387,
        0.7096774193548387,
        0.7096774193548387,
        0.7204301075268817,
        0.7311827956989247,
        0.7311827956989247
    ]
}