,precision,recall,f1-score,support
bridges,0.7692307692307693,0.8333333333333334,0.8,12.0
clean,1.0,1.0,1.0,15.0
cracks,0.875,0.9333333333333333,0.9032258064516129,15.0
malformed_vias,0.8,0.7272727272727273,0.7619047619047619,11.0
open,0.3,0.3,0.3,10.0
other,0.7222222222222222,0.8666666666666667,0.7878787878787878,15.0
scratches,0.7,0.5833333333333334,0.6363636363636364,12.0
short,0.5714285714285714,0.4444444444444444,0.5,9.0
